timestamp,profit_gbp,slot_profit_gbp,price_p,soc_kwh,action,g99_profit_gbp,g99_slot_profit_gbp,g99_soc_kwh,g99_action
2026-09-25T17:00:00+00:00,69.821476,1.612611,56.385,44.75,discharging,23.980189,1.364517,41.5,discharging
2026-09-25T17:30:00+00:00,71.463817,1.642341,57.4245,41.25,discharging,25.369862,1.389673,38.5,discharging
2026-09-25T18:00:00+00:00,72.697449,1.233632,43.134,37.75,discharging,26.413705,1.043843,35.5,discharging
2026-09-25T18:30:00+00:00,73.911863,1.214413,42.462,34.25,discharging,27.441285,1.02758,32.5,discharging
2026-09-25T19:00:00+00:00,75.036186,1.124323,39.312,30.75,discharging,28.392635,0.95135,29.5,discharging
2026-09-25T19:30:00+00:00,76.12117,1.084984,37.9365,27.25,discharging,29.310699,0.918063,26.5,discharging
2026-09-25T20:00:00+00:00,77.126574,1.005404,35.154,23.75,discharging,30.161426,0.850727,23.5,discharging
2026-09-25T20:30:00+00:00,78.068315,0.941741,32.928,20.25,discharging,30.958283,0.796858,20.5,discharging
2026-09-25T21:00:00+00:00,78.068315,0.0,30.6915,20.0,idle,30.958283,0.0,20.25,idle
2026-09-25T21:30:00+00:00,78.068315,0.0,30.5655,19.75,idle,30.958283,0.0,20.0,idle
2026-09-25T22:00:00+00:00,79.06441,0.996095,34.8285,16.25,discharging,31.801133,0.84285,17.0,discharging
2026-09-25T22:30:00+00:00,79.992337,0.927927,32.445,12.75,discharging,32.586302,0.785169,14.0,discharging
2026-09-25T23:00:00+00:00,80.900745,0.908408,31.7625,9.25,discharging,33.354954,0.768652,11.0,discharging
2026-09-25T23:30:00+00:00,80.900745,0.0,30.009,9.0,idle,33.354954,0.0,10.75,idle
2026-09-26T00:00:00+00:00,80.900745,0.0,29.316,8.75,idle,33.354954,0.0,10.5,idle
2026-09-26T00:30:00+00:00,80.900745,0.0,28.245,8.5,idle,33.354954,0.0,10.25,idle
2026-09-26T01:00:00+00:00,80.900745,0.0,28.1925,8.25,idle,33.354954,0.0,10.0,idle
2026-09-26T01:30:00+00:00,79.444342,-1.456403,27.741,13.25,charging,31.898552,-1.456403,15.0,charging
2026-09-26T02:00:00+00:00,79.444342,0.0,27.783,13.0,idle,31.898552,0.0,14.75,idle
2026-09-26T02:30:00+00:00,78.024873,-1.419469,27.0375,18.0,charging,30.479083,-1.419469,19.75,charging
2026-09-26T03:00:00+00:00,78.024873,0.0,28.56,17.75,idle,30.479083,0.0,19.5,idle
2026-09-26T03:30:00+00:00,78.024873,0.0,27.804,17.5,idle,30.479083,0.0,19.25,idle
2026-09-26T04:00:00+00:00,78.024873,0.0,30.9225,17.25,idle,31.227408,0.748324,16.25,discharging
2026-09-26T04:30:00+00:00,78.92247,0.897597,31.3845,13.75,discharging,31.986913,0.759505,13.25,discharging
2026-09-26T05:00:00+00:00,79.876223,0.953753,33.348,10.25,discharging,32.793934,0.807022,10.25,discharging
2026-09-26T05:30:00+00:00,80.903849,1.027627,35.931,6.75,discharging,33.663464,0.86953,7.25,discharging
2026-09-26T06:00:00+00:00,81.840185,0.936335,32.739,3.25,discharging,34.455748,0.792284,4.25,discharging
2026-09-26T06:30:00+00:00,81.840185,0.0,34.9965,3.2,idle,34.702123,0.246375,3.2,discharging
2026-09-26T07:00:00+00:00,81.840185,0.0,29.2005,3.2,idle,34.702123,0.0,3.2,idle
2026-09-26T07:30:00+00:00,81.840185,0.0,28.413,3.2,idle,34.702123,0.0,3.2,idle
2026-09-26T08:00:00+00:00,81.840185,0.0,18.543,3.2,idle,34.702123,0.0,3.2,idle
2026-09-26T08:30:00+00:00,81.001182,-0.839002,15.981,8.2,charging,34.702123,0.0,3.2,idle
2026-09-26T09:00:00+00:00,80.299992,-0.70119,13.356,13.2,charging,34.000933,-0.70119,8.2,charging
2026-09-26T09:30:00+00:00,79.899234,-0.400759,7.6335,18.2,charging,33.600175,-0.400759,13.2,charging
2026-09-26T10:00:00+00:00,79.624711,-0.274523,5.229,23.2,charging,33.325652,-0.274523,18.2,charging
2026-09-26T10:30:00+00:00,79.40807,-0.216641,4.1265,28.2,charging,33.109011,-0.216641,23.2,charging
2026-09-26T11:00:00+00:00,79.236631,-0.171439,3.2655,33.2,charging,32.937572,-0.171439,28.2,charging
2026-09-26T11:30:00+00:00,79.119766,-0.116865,2.226,38.2,charging,32.820707,-0.116865,33.2,charging
2026-09-26T12:00:00+00:00,78.96707,-0.152696,2.9085,43.2,charging,32.668011,-0.152696,38.2,charging
2026-09-26T12:30:00+00:00,78.886587,-0.080482,1.533,48.2,charging,32.587528,-0.080482,43.2,charging
2026-09-26T13:00:00+00:00,79.030431,0.143844,5.0295,44.7,discharging,32.709242,0.121714,40.2,discharging
2026-09-26T13:30:00+00:00,79.201001,0.17057,5.964,41.2,discharging,32.853571,0.144329,37.2,discharging
2026-09-26T14:00:00+00:00,79.737638,0.536636,18.7635,37.7,discharging,33.307648,0.454077,34.2,discharging
2026-09-26T14:30:00+00:00,78.661046,-1.076591,20.5065,42.7,charging,33.803905,0.496257,31.2,discharging
2026-09-26T15:00:00+00:00,79.712096,1.05105,36.75,39.2,discharging,34.693255,0.88935,28.2,discharging
2026-09-26T15:30:00+00:00,80.836119,1.124023,39.3015,35.7,discharging,35.644351,0.951096,25.2,discharging
2026-09-26T16:00:00+00:00,82.161643,1.325524,46.347,32.2,discharging,36.765949,1.121597,22.2,discharging
2026-09-26T16:30:00+00:00,83.598279,1.436635,50.232,28.7,discharging,37.981563,1.215614,19.2,discharging
2026-09-26T17:00:00+00:00,84.995274,1.396996,48.846,25.2,discharging,39.163636,1.182073,16.2,discharging
2026-09-26T17:30:00+00:00,86.415993,1.420719,49.6755,21.7,discharging,40.365784,1.202147,13.2,discharging
2026-09-26T18:00:00+00:00,87.48326,1.067266,37.317,18.2,discharging,41.268855,0.903071,10.2,discharging
2026-09-26T18:30:00+00:00,88.521096,1.037837,36.288,14.7,discharging,42.147025,0.87817,7.2,discharging
2026-09-26T19:00:00+00:00,89.543017,1.021921,35.7315,11.2,discharging,43.011727,0.864702,4.2,discharging
2026-09-26T19:30:00+00:00,90.453827,0.91081,31.8465,7.7,discharging,43.221914,0.210187,3.2,discharging
2026-09-26T20:00:00+00:00,91.365538,0.911711,31.878,4.2,discharging,43.221914,0.0,3.2,idle
2026-09-26T20:30:00+00:00,91.564013,0.198475,30.072,3.2,discharging,43.221914,0.0,3.2,idle
2026-09-26T21:00:00+00:00,90.02327,-1.540744,29.3475,8.2,charging,41.68117,-1.540744,8.2,charging
2026-09-26T21:30:00+00:00,90.871317,0.848047,29.652,4.7,discharging,42.398748,0.717578,5.2,discharging
2026-09-26T22:00:00+00:00,91.218394,0.347077,31.5525,3.2,discharging,42.884657,0.485908,3.2,discharging
2026-09-26T22:30:00+00:00,91.218394,0.0,31.227,3.2,idle,42.884657,0.0,3.2,idle
2026-09-26T23:00:00+00:00,91.218394,0.0,30.1665,3.2,idle,42.884657,0.0,3.2,idle
2026-09-26T23:30:00+00:00,91.218394,0.0,29.106,3.2,idle,42.884657,0.0,3.2,idle
2026-09-27T00:00:00+00:00,91.218394,0.0,29.778,3.2,idle,42.884657,0.0,3.2,idle
2026-09-27T00:30:00+00:00,91.218394,0.0,28.644,3.2,idle,42.884657,0.0,3.2,idle
2026-09-27T01:00:00+00:00,91.218394,0.0,28.875,3.2,idle,42.884657,0.0,3.2,idle
2026-09-27T01:30:00+00:00,91.218394,0.0,27.1845,3.2,idle,42.884657,0.0,3.2,idle
2026-09-27T02:00:00+00:00,91.218394,0.0,27.1425,3.2,idle,42.884657,0.0,3.2,idle
2026-09-27T02:30:00+00:00,91.218394,0.0,26.271,3.2,idle,42.884657,0.0,3.2,idle
2026-09-27T03:00:00+00:00,91.218394,0.0,26.565,3.2,idle,42.884657,0.0,3.2,idle
2026-09-27T03:30:00+00:00,89.922957,-1.295438,24.675,8.2,charging,41.589219,-1.295438,8.2,charging
2026-09-27T04:00:00+00:00,90.793827,0.87087,30.45,4.7,discharging,42.326109,0.73689,5.2,discharging
2026-09-27T04:30:00+00:00,90.793827,0.0,25.536,4.45,idle,42.326109,0.0,4.95,idle
2026-09-27T05:00:00+00:00,90.793827,0.0,26.481,4.2,idle,42.326109,0.0,4.7,idle
2026-09-27T05:30:00+00:00,90.793827,0.0,25.998,3.95,idle,42.326109,0.0,4.45,idle
2026-09-27T06:00:00+00:00,90.793827,0.0,21.8505,3.7,idle,42.326109,0.0,4.2,idle
2026-09-27T06:30:00+00:00,90.793827,0.0,21.8505,3.45,idle,42.326109,0.0,3.95,idle
2026-09-27T07:00:00+00:00,90.793827,0.0,9.6915,3.2,idle,42.326109,0.0,3.7,idle
2026-09-27T07:30:00+00:00,90.793827,0.0,9.723,3.2,idle,42.326109,0.0,3.45,idle
2026-09-27T08:00:00+00:00,90.793827,0.0,1.5015,3.2,idle,42.326109,0.0,3.2,idle
2026-09-27T08:30:00+00:00,90.793827,0.0,0.42,3.2,idle,42.326109,0.0,3.2,idle
2026-09-27T09:00:00+00:00,90.862182,0.068355,-1.302,8.2,charging,42.394464,0.068355,8.2,charging
2026-09-27T09:30:00+00:00,90.930537,0.068355,-1.302,13.2,charging,42.462819,0.068355,13.2,charging
2026-09-27T10:00:00+00:00,91.041338,0.110801,-2.1105,18.2,charging,42.573621,0.110801,18.2,charging
2026-09-27T10:30:00+00:00,91.17474,0.133402,-2.541,23.2,charging,42.707023,0.133402,23.2,charging
2026-09-27T11:00:00+00:00,91.297118,0.122378,-2.331,28.2,charging,42.829401,0.122378,28.2,charging
2026-09-27T11:30:00+00:00,91.400202,0.103084,-1.9635,33.2,charging,42.932484,0.103084,33.2,charging
2026-09-27T12:00:00+00:00,91.503285,0.103084,-1.9635,38.2,charging,43.035568,0.103084,38.2,charging
2026-09-27T12:30:00+00:00,91.461243,-0.042042,-1.47,34.7,discharging,42.999994,-0.035574,35.2,discharging
2026-09-27T13:00:00+00:00,91.58748,0.126236,-2.4045,39.7,charging,43.12623,0.126236,40.2,charging
2026-09-27T13:30:00+00:00,91.550243,-0.037237,-1.302,36.2,discharging,43.094722,-0.031508,37.2,discharging
2026-09-27T14:00:00+00:00,91.659941,0.109699,-2.0895,41.2,charging,43.204421,0.109699,42.2,charging
2026-09-27T14:30:00+00:00,91.719401,0.059459,2.079,37.7,discharging,43.254733,0.050312,39.2,discharging
2026-09-27T15:00:00+00:00,91.719401,0.0,29.82,37.45,idle,43.254733,0.0,38.95,idle
2026-09-27T15:30:00+00:00,92.692072,0.972672,34.0095,33.95,discharging,44.077762,0.82303,35.95,discharging
2026-09-27T16:00:00+00:00,93.829609,1.137536,39.774,30.45,discharging,45.040293,0.962531,32.95,discharging
2026-09-27T16:30:00+00:00,95.125103,1.295494,45.297,26.95,discharging,46.136481,1.096187,29.95,discharging
2026-09-27T17:00:00+00:00,96.457234,1.332131,46.578,23.45,discharging,47.263668,1.127188,26.95,discharging
2026-09-27T17:30:00+00:00,97.811587,1.354353,47.355,19.95,discharging,48.409659,1.145991,23.95,discharging
2026-09-27T18:00:00+00:00,98.777051,0.965464,33.7575,16.45,discharging,49.226591,0.816932,20.95,discharging
2026-09-27T18:30:00+00:00,98.777051,0.0,33.096,16.2,idle,50.027514,0.800923,17.95,discharging
2026-09-27T19:00:00+00:00,98.777051,0.0,31.8255,15.95,idle,50.027514,0.0,17.7,idle
2026-09-27T19:30:00+00:00,98.777051,0.0,30.219,15.7,idle,50.027514,0.0,17.45,idle
2026-09-27T20:00:00+00:00,98.777051,0.0,29.589,15.45,idle,50.027514,0.0,17.2,idle
2026-09-27T20:30:00+00:00,98.777051,0.0,29.106,15.2,idle,50.027514,0.0,16.95,idle
2026-09-27T21:00:00+00:00,97.298599,-1.478453,28.161,20.2,charging,48.549061,-1.478453,21.95,charging
2026-09-27T21:30:00+00:00,96.047261,-1.251337,23.835,25.2,charging,47.297724,-1.251337,26.95,charging
2026-09-27T22:00:00+00:00,96.047261,0.0,28.686,24.95,idle,47.297724,0.0,26.7,idle
2026-09-27T22:30:00+00:00,96.047261,0.0,28.686,24.7,idle,47.297724,0.0,26.45,idle
2026-09-27T23:00:00+00:00,94.563296,-1.483965,28.266,29.7,charging,45.813759,-1.483965,31.45,charging
2026-09-27T23:30:00+00:00,93.099728,-1.463569,27.8775,34.7,charging,44.35019,-1.463569,36.45,charging
2026-09-28T00:00:00+00:00,91.682464,-1.417264,26.9955,39.7,charging,42.932926,-1.417264,41.45,charging
2026-09-28T00:30:00+00:00,90.239843,-1.442621,27.4785,44.7,charging,41.490305,-1.442621,46.45,charging
2026-09-28T01:00:00+00:00,88.84959,-1.390252,26.481,49.7,charging,40.100053,-1.390252,51.45,charging
2026-09-28T01:30:00+00:00,87.492413,-1.357177,25.851,54.7,charging,38.742875,-1.357177,56.45,charging
2026-09-28T02:00:00+00:00,86.079008,-1.413405,26.922,59.7,charging,37.32947,-1.413405,61.45,charging
2026-09-28T02:30:00+00:00,84.866956,-1.212052,26.6385,64.0,charging,36.583592,-0.745878,64.0,charging
2026-09-28T03:00:00+00:00,84.795031,-0.071925,28.77,64.0,charging,36.511667,-0.071925,64.0,charging
2026-09-28T03:30:00+00:00,84.722555,-0.072476,28.9905,64.0,charging,36.439191,-0.072476,64.0,charging
2026-09-28T04:00:00+00:00,85.691322,0.968768,33.873,60.5,discharging,37.258918,0.819727,61.0,discharging
2026-09-28T04:30:00+00:00,86.659189,0.967867,33.8415,57.0,discharging,38.077882,0.818964,58.0,discharging
2026-09-28T05:00:00+00:00,87.742371,1.083182,37.8735,53.5,discharging,38.994421,0.916539,55.0,discharging
2026-09-28T05:30:00+00:00,88.898827,1.156455,40.4355,50.0,discharging,39.97296,0.978539,52.0,discharging
2026-09-28T06:00:00+00:00,90.072399,1.173572,41.034,46.5,discharging,40.965982,0.993023,49.0,discharging
2026-09-28T06:30:00+00:00,91.327052,1.254653,43.869,43.0,discharging,42.027612,1.06163,46.0,discharging
2026-09-28T07:00:00+00:00,92.500625,1.173572,41.034,39.5,discharging,43.020635,0.993023,43.0,discharging
2026-09-28T07:30:00+00:00,93.630053,1.129428,39.4905,36.0,discharging,43.976305,0.95567,40.0,discharging
2026-09-28T08:00:00+00:00,94.709031,1.078978,37.7265,32.5,discharging,44.889286,0.912981,37.0,discharging
2026-09-28T08:30:00+00:00,95.699721,0.99069,34.6395,29.0,discharging,45.727562,0.838276,34.0,discharging
2026-09-28T09:00:00+00:00,95.699721,0.0,32.2245,28.75,idle,46.507395,0.779833,31.0,discharging
2026-09-28T09:30:00+00:00,94.130312,-1.569409,29.8935,33.75,charging,44.937987,-1.569409,36.0,charging
2026-09-28T10:00:00+00:00,92.716907,-1.413405,26.922,38.75,charging,43.524582,-1.413405,41.0,charging
2026-09-28T10:30:00+00:00,91.349807,-1.3671,26.04,43.75,charging,42.157482,-1.3671,46.0,charging
2026-09-28T11:00:00+00:00,90.001449,-1.348357,25.683,48.75,charging,40.809124,-1.348357,51.0,charging
2026-09-28T11:30:00+00:00,88.670181,-1.331269,25.3575,53.75,charging,39.477855,-1.331269,56.0,charging
2026-09-28T12:00:00+00:00,87.281582,-1.388599,26.4495,58.75,charging,38.089257,-1.388599,61.0,charging
2026-09-28T12:30:00+00:00,85.914482,-1.3671,26.04,63.75,charging,37.242957,-0.8463,64.0,charging
2026-09-28T13:00:00+00:00,85.774359,-0.140123,28.0245,64.0,charging,37.921149,0.678193,61.0,discharging
2026-09-28T13:30:00+00:00,86.590275,0.815915,28.5285,60.5,discharging,38.611539,0.69039,58.0,discharging
2026-09-28T14:00:00+00:00,87.574658,0.984383,34.419,57.0,discharging,39.444479,0.83294,55.0,discharging
2026-09-28T14:30:00+00:00,88.614597,1.039939,36.3615,53.5,discharging,40.324427,0.879948,52.0,discharging
2026-09-28T15:00:00+00:00,90.135917,1.52132,53.193,50.0,discharging,41.611698,1.287271,49.0,discharging
2026-09-28T15:30:00+00:00,91.8212,1.685284,58.926,46.5,discharging,43.037707,1.426009,46.0,discharging
2026-09-28T16:00:00+00:00,93.645523,1.824322,63.7875,43.0,discharging,44.581365,1.543657,43.0,discharging
2026-09-28T16:30:00+00:00,95.557833,1.91231,66.864,39.5,discharging,46.199473,1.618109,40.0,discharging
2026-09-28T17:00:00+00:00,97.552726,1.994893,69.7515,36.0,discharging,47.88746,1.687986,37.0,discharging
2026-09-28T17:30:00+00:00,99.553325,2.000599,69.951,32.5,discharging,49.580274,1.692814,34.0,discharging
2026-09-28T18:00:00+00:00,101.024494,1.47117,51.4395,29.0,discharging,50.82511,1.244836,31.0,discharging
2026-09-28T18:30:00+00:00,102.426895,1.402401,49.035,25.5,discharging,52.011757,1.186647,28.0,discharging
2026-09-28T19:00:00+00:00,103.631999,1.205104,42.1365,22.0,discharging,53.03146,1.019703,25.0,discharging
2026-09-28T19:30:00+00:00,104.71428,1.082281,37.842,18.5,discharging,53.947236,0.915776,22.0,discharging
2026-09-28T20:00:00+00:00,105.767132,1.052852,36.813,15.0,discharging,54.838111,0.890875,19.0,discharging
2026-09-28T20:30:00+00:00,106.701966,0.934834,32.6865,11.5,discharging,55.629124,0.791013,16.0,discharging
2026-09-28T21:00:00+00:00,105.017897,-1.684069,32.0775,16.5,charging,53.945056,-1.684069,21.0,charging
2026-09-28T21:30:00+00:00,103.257205,-1.760692,33.537,21.5,charging,52.184363,-1.760692,26.0,charging
2026-09-28T22:00:00+00:00,101.52187,-1.735335,33.054,26.5,charging,50.449028,-1.735335,31.0,charging
2026-09-28T22:30:00+00:00,99.830635,-1.691235,32.214,31.5,charging,48.757793,-1.691235,36.0,charging
2026-09-28T23:00:00+00:00,99.830635,0.0,29.19,31.25,idle,48.757793,0.0,35.75,idle
2026-09-28T23:30:00+00:00,99.830635,0.0,28.4865,31.0,idle,48.757793,0.0,35.5,idle
2026-09-29T00:00:00+00:00,99.830635,0.0,28.9275,30.75,idle,48.757793,0.0,35.25,idle
2026-09-29T00:30:00+00:00,99.830635,0.0,27.804,30.5,idle,48.757793,0.0,35.0,idle
2026-09-29T01:00:00+00:00,99.830635,0.0,27.804,30.25,idle,48.757793,0.0,34.75,idle
2026-09-29T01:30:00+00:00,98.376437,-1.454198,27.699,35.25,charging,47.303596,-1.454198,39.75,charging
2026-09-29T02:00:00+00:00,98.376437,0.0,27.72,35.0,idle,47.303596,0.0,39.5,idle
2026-09-29T02:30:00+00:00,96.97075,-1.405687,26.775,40.0,charging,45.897908,-1.405687,44.5,charging
2026-09-29T03:00:00+00:00,96.97075,0.0,27.7935,39.75,idle,45.897908,0.0,44.25,idle
2026-09-29T03:30:00+00:00,96.97075,0.0,27.7935,39.5,idle,45.897908,0.0,44.0,idle
2026-09-29T04:00:00+00:00,96.97075,0.0,30.051,39.25,idle,46.625142,0.727234,41.0,discharging
2026-09-29T04:30:00+00:00,97.716788,0.746038,30.828,36.25,discharging,47.37118,0.746038,38.0,discharging
2026-09-29T05:00:00+00:00,98.54744,0.830653,34.3245,33.25,discharging,48.201833,0.830653,35.0,discharging
2026-09-29T05:30:00+00:00,99.454577,0.907137,37.485,30.25,discharging,49.10897,0.907137,32.0,discharging
2026-09-29T06:00:00+00:00,100.344182,0.889604,36.7605,27.25,discharging,49.998574,0.889604,29.0,discharging
2026-09-29T06:30:00+00:00,101.251319,0.907137,37.485,24.25,discharging,50.905711,0.907137,26.0,discharging
2026-09-29T07:00:00+00:00,102.05402,0.802702,33.1695,21.25,discharging,51.708413,0.802702,23.0,discharging
2026-09-29T07:30:00+00:00,102.05402,0.0,31.9725,21.0,idle,51.708413,0.0,22.75,idle
2026-09-29T08:00:00+00:00,102.839189,0.785169,32.445,18.0,discharging,52.493582,0.785169,19.75,discharging
2026-09-29T08:30:00+00:00,103.617244,0.778054,32.151,15.0,discharging,52.493582,0.0,19.5,idle
2026-09-29T09:00:00+00:00,102.161944,-1.4553,27.72,20.0,charging,52.493582,0.0,19.25,idle
2026-09-29T09:30:00+00:00,100.872019,-1.289925,24.57,25.0,charging,51.203657,-1.289925,24.25,charging
2026-09-29T10:00:00+00:00,99.768967,-1.103051,21.0105,30.0,charging,-1.103051,-1.103051,36.25,charging
2026-09-29T10:30:00+00:00,98.945951,-0.823016,15.6765,35.0,charging,-0.823016,-0.823016,36.25,charging
2026-09-29T11:00:00+00:00,98.119627,-0.826324,15.7395,40.0,charging,-0.826324,-0.826324,36.25,charging
2026-09-29T11:30:00+00:00,97.389221,-0.730406,13.9125,45.0,charging,-1.55673,-0.730406,40.5,charging
2026-09-29T12:00:00+00:00,96.627394,-0.761827,14.511,50.0,charging,-0.761827,-0.761827,36.25,charging
2026-09-29T12:30:00+00:00,95.982982,-0.644411,12.2745,55.0,charging,-1.406239,-0.644411,40.5,charging
2026-09-29T13:00:00+00:00,96.395895,0.412912,17.0625,52.0,discharging,-0.895781,-0.895781,37.0,charging
2026-09-29T13:30:00+00:00,96.852767,0.456872,18.879,49.0,discharging,-0.991147,-0.991147,37.0,charging
2026-09-29T14:00:00+00:00,97.439229,0.586463,24.234,46.0,discharging,-0.404685,0.586463,34.0,discharging
2026-09-29T14:30:00+00:00,98.13216,0.692931,28.6335,43.0,discharging,0.692931,0.692931,29.0,discharging
2026-09-29T15:00:00+00:00,99.205987,1.073827,44.373,40.0,discharging,1.073827,1.073827,29.0,discharging
2026-09-29T15:30:00+00:00,100.358838,1.152852,47.6385,37.0,discharging,2.226678,1.152852,26.0,discharging
2026-09-29T16:00:00+00:00,101.567846,1.209008,49.959,34.0,discharging,3.435686,1.209008,23.0,discharging
2026-09-29T16:30:00+00:00,102.812428,1.244582,51.429,31.0,discharging,4.680268,1.244582,20.0,discharging
2026-09-29T17:00:00+00:00,104.08369,1.271262,52.5315,28.0,discharging,5.95153,1.271262,17.0,discharging
2026-09-29T17:30:00+00:00,105.349362,1.265672,52.3005,25.0,discharging,7.217202,1.265672,14.0,discharging
2026-09-29T18:00:00+00:00,106.256754,0.907391,37.4955,22.0,discharging,8.124593,0.907391,11.0,discharging
2026-09-29T18:30:00+00:00,107.112562,0.855809,35.364,19.0,discharging,8.980402,0.855809,8.0,discharging
2026-09-29T19:00:00+00:00,107.927715,0.815153,33.684,16.0,discharging,9.795555,0.815153,5.0,discharging
2026-09-29T19:30:00+00:00,106.393586,-1.534129,29.2215,21.0,charging,0.70716,0.70716,28.25,discharging
2026-09-29T20:00:00+00:00,107.111419,0.717832,29.6625,18.0,discharging,1.424993,0.717832,24.5,discharging
2026-09-29T20:30:00+00:00,105.81543,-1.295989,24.6855,23.0,charging,2.022382,0.597389,20.75,discharging
